{"cameraMode":{"drawMode":0,"name":"Shaded","section":"Shading Mode"},"sceneLighting":false,"audioPlay":false,"sceneViewState":{"m_AlwaysRefresh":false,"showFog":true,"showSkybox":false,"showFlares":true,"showImageEffects":true,"showParticleSystems":true,"showVisualEffectGraphs":true,"m_FxEnabled":true},"in2DMode":false,"pivot":{"x":-2.1216485500335695,"y":-5.822938919067383,"z":-3.5795302391052248},"rotation":{"x":-0.021262699738144876,"y":0.06503621488809586,"z":-0.001387503114528954,"w":-0.9976581335067749},"size":0.6798033714294434,"orthographic":false}