{"cameraMode":{"drawMode":0,"name":"Shaded","section":"Shading Mode"},"sceneLighting":false,"audioPlay":false,"sceneViewState":{"m_AlwaysRefresh":false,"showFog":true,"showSkybox":false,"showFlares":true,"showImageEffects":true,"showParticleSystems":true,"showVisualEffectGraphs":true,"m_FxEnabled":true},"in2DMode":false,"pivot":{"x":3.2117629051208498,"y":6.96656608581543,"z":-0.18130111694335938},"rotation":{"x":-0.021262699738144876,"y":0.06503621488809586,"z":-0.001387503114528954,"w":-0.9976581335067749},"size":4.428348064422607,"orthographic":false}