{"cameraMode":{"drawMode":0,"name":"Shaded","section":"Shading Mode"},"sceneLighting":true,"audioPlay":false,"sceneViewState":{"m_AlwaysRefresh":false,"showFog":true,"showSkybox":true,"showFlares":true,"showImageEffects":true,"showParticleSystems":true,"showVisualEffectGraphs":true,"m_FxEnabled":true},"in2DMode":false,"pivot":{"x":199.9674072265625,"y":51.17182922363281,"z":-15.589019775390625},"rotation":{"x":-0.14081521332263947,"y":-0.01871381141245365,"z":0.002663015155121684,"w":-0.9898593425750732},"size":722.5568237304688,"orthographic":false}