{"cameraMode":{"drawMode":0,"name":"Shaded","section":"Shading Mode"},"sceneLighting":true,"audioPlay":false,"sceneViewState":{"m_AlwaysRefresh":false,"showFog":true,"showSkybox":true,"showFlares":true,"showImageEffects":true,"showParticleSystems":true,"showVisualEffectGraphs":true,"m_FxEnabled":true},"in2DMode":false,"pivot":{"x":0.8834882974624634,"y":-0.12371277809143067,"z":-3.5112686157226564},"rotation":{"x":-0.0063063111156225208,"y":-0.03239733353257179,"z":0.00020276547002140433,"w":-0.9994590878486633},"size":6.4703497886657719,"orthographic":false}