{"cameraMode":{"drawMode":0,"name":"Shaded","section":"Shading Mode"},"sceneLighting":true,"audioPlay":false,"sceneViewState":{"m_AlwaysRefresh":false,"showFog":true,"showSkybox":true,"showFlares":true,"showImageEffects":true,"showParticleSystems":true,"showVisualEffectGraphs":true,"m_FxEnabled":true},"in2DMode":false,"pivot":{"x":0.8834882974624634,"y":-0.12371277809143067,"z":-3.5112686157226564},"rotation":{"x":-0.006307149305939674,"y":-0.027899431064724923,"z":0.00017439039947930723,"w":-0.9995937943458557},"size":5.914279937744141,"orthographic":false}